rental_id,timestamp,lat,lon
,2026-04-24T02:42:24Z,14.545203,-90.437898
,2026-04-24T02:42:54Z,14.545196,-90.437899
,2026-04-24T02:43:24Z,14.545204,-90.437907
,2026-04-24T02:52:54Z,14.545211,-90.437899
,2026-04-24T02:53:24Z,14.545212,-90.437901
,2026-04-24T02:53:54Z,14.54521,-90.437897
,2026-04-24T02:54:24Z,14.545211,-90.437906
,2026-04-24T02:55:54Z,14.545202,-90.437911
,2026-04-24T02:56:24Z,14.545205,-90.437909
,2026-04-24T02:56:54Z,14.545204,-90.437907
,2026-04-24T02:57:24Z,14.545205,-90.437908
,2026-04-24T21:34:01Z,14.545253,-90.43792
,2026-04-24T21:34:31Z,14.545253,-90.437915
,2026-04-24T21:35:01Z,14.545244,-90.437888
,2026-04-24T21:35:31Z,14.545244,-90.437891
,2026-04-24T21:36:01Z,14.545244,-90.437889
,2026-04-24T21:36:31Z,14.54525,-90.437921
,2026-04-24T21:37:01Z,14.545248,-90.437912
,2026-04-24T21:37:31Z,14.545244,-90.43791
,2026-04-24T21:38:01Z,14.545232,-90.437895
,2026-04-24T21:38:31Z,14.545232,-90.437885
,2026-04-24T21:39:01Z,14.545242,-90.437897
,2026-04-24T21:39:31Z,14.54526,-90.437933
,2026-04-24T21:40:01Z,14.545262,-90.437958
,2026-04-24T21:40:31Z,14.545255,-90.437949
,2026-04-24T21:41:01Z,14.545244,-90.437917
,2026-04-24T21:41:31Z,14.545245,-90.437933
,2026-04-24T21:42:01Z,14.545242,-90.437933
,2026-04-24T21:42:31Z,14.54524,-90.437934
,2026-04-24T21:43:01Z,14.545229,-90.437932
,2026-04-24T21:43:31Z,14.545227,-90.437927
,2026-04-24T21:44:01Z,14.545236,-90.437922
,2026-04-24T21:44:31Z,14.545221,-90.437887
,2026-04-24T21:45:01Z,14.545214,-90.437858
,2026-04-24T21:45:31Z,14.545242,-90.437927
,2026-04-24T21:46:01Z,14.545215,-90.437895
,2026-04-24T21:46:31Z,14.545226,-90.437916
,2026-04-24T21:47:01Z,14.545217,-90.437904
,2026-04-24T21:47:31Z,14.545215,-90.43789
,2026-04-24T21:48:01Z,14.545221,-90.437879
,2026-04-24T21:48:31Z,14.545207,-90.437871
,2026-04-24T21:49:01Z,14.545198,-90.437854
,2026-04-24T21:49:31Z,14.545208,-90.437874
,2026-04-24T21:50:01Z,14.54521,-90.437878
,2026-04-24T21:50:31Z,14.545238,-90.437889
,2026-04-24T21:51:01Z,14.545246,-90.43792
,2026-04-24T21:51:31Z,14.545239,-90.437919
,2026-04-24T21:52:01Z,14.545233,-90.437915
,2026-04-24T21:52:31Z,14.545224,-90.437905
,2026-04-24T21:53:01Z,14.545237,-90.437941
,2026-04-24T21:53:31Z,14.545206,-90.437893
,2026-04-24T21:54:01Z,14.545205,-90.43787
,2026-04-24T21:54:31Z,14.545211,-90.437885
,2026-04-24T21:55:01Z,14.545212,-90.437889
,2026-04-24T21:55:31Z,14.545202,-90.437896
,2026-04-24T21:56:01Z,14.54521,-90.437879
,2026-04-24T21:56:31Z,14.545227,-90.437865
,2026-04-24T21:57:31Z,14.545213,-90.437933
c702584c-9293-4734-8647-d1d0df348ac9,2026-04-24T21:58:01Z,14.545218,-90.437947
c702584c-9293-4734-8647-d1d0df348ac9,2026-04-24T21:58:31Z,14.54526,-90.437985
c702584c-9293-4734-8647-d1d0df348ac9,2026-04-24T21:59:01Z,14.545258,-90.437949
c702584c-9293-4734-8647-d1d0df348ac9,2026-04-24T21:59:31Z,14.545253,-90.437953
c702584c-9293-4734-8647-d1d0df348ac9,2026-04-24T22:00:01Z,14.545246,-90.437961
c702584c-9293-4734-8647-d1d0df348ac9,2026-04-24T22:00:31Z,14.545229,-90.437923
c702584c-9293-4734-8647-d1d0df348ac9,2026-04-24T22:01:01Z,14.545228,-90.437905
c702584c-9293-4734-8647-d1d0df348ac9,2026-04-24T22:01:31Z,14.545265,-90.438003
c702584c-9293-4734-8647-d1d0df348ac9,2026-04-24T22:02:01Z,14.545258,-90.437996
c702584c-9293-4734-8647-d1d0df348ac9,2026-04-24T22:02:31Z,14.545247,-90.437969
c702584c-9293-4734-8647-d1d0df348ac9,2026-04-24T22:03:01Z,14.545241,-90.437951
c702584c-9293-4734-8647-d1d0df348ac9,2026-04-24T22:03:31Z,14.545225,-90.437903
c702584c-9293-4734-8647-d1d0df348ac9,2026-04-24T22:04:01Z,14.545215,-90.437868
c702584c-9293-4734-8647-d1d0df348ac9,2026-04-24T22:04:31Z,14.545236,-90.437924
c702584c-9293-4734-8647-d1d0df348ac9,2026-04-24T22:05:01Z,14.545225,-90.437932
c702584c-9293-4734-8647-d1d0df348ac9,2026-04-24T22:05:31Z,14.545198,-90.437892
c702584c-9293-4734-8647-d1d0df348ac9,2026-04-24T22:06:01Z,14.545196,-90.437911
c702584c-9293-4734-8647-d1d0df348ac9,2026-04-24T22:06:31Z,14.545215,-90.437892
c702584c-9293-4734-8647-d1d0df348ac9,2026-04-24T22:07:01Z,14.545207,-90.437865
c702584c-9293-4734-8647-d1d0df348ac9,2026-04-24T22:07:31Z,14.545179,-90.437844
c702584c-9293-4734-8647-d1d0df348ac9,2026-04-24T22:08:01Z,14.545191,-90.437806
c702584c-9293-4734-8647-d1d0df348ac9,2026-04-24T22:08:31Z,14.545194,-90.437825
c702584c-9293-4734-8647-d1d0df348ac9,2026-04-24T22:09:01Z,14.545205,-90.437905
c702584c-9293-4734-8647-d1d0df348ac9,2026-04-24T22:09:31Z,14.545221,-90.437918
c702584c-9293-4734-8647-d1d0df348ac9,2026-04-24T22:10:01Z,14.54523,-90.437921
c702584c-9293-4734-8647-d1d0df348ac9,2026-04-24T22:10:31Z,14.54523,-90.437921
c702584c-9293-4734-8647-d1d0df348ac9,2026-04-24T22:11:01Z,14.545242,-90.437967
c702584c-9293-4734-8647-d1d0df348ac9,2026-04-24T22:11:31Z,14.545156,-90.437852
c702584c-9293-4734-8647-d1d0df348ac9,2026-04-24T22:12:01Z,14.545146,-90.437816
c702584c-9293-4734-8647-d1d0df348ac9,2026-04-24T22:12:31Z,14.545161,-90.437888
c702584c-9293-4734-8647-d1d0df348ac9,2026-04-24T22:13:01Z,14.545209,-90.437874
c702584c-9293-4734-8647-d1d0df348ac9,2026-04-24T22:13:31Z,14.545227,-90.437875
c702584c-9293-4734-8647-d1d0df348ac9,2026-04-24T22:14:01Z,14.545217,-90.437833
c702584c-9293-4734-8647-d1d0df348ac9,2026-04-24T22:14:31Z,14.545244,-90.437819
c702584c-9293-4734-8647-d1d0df348ac9,2026-04-24T22:15:01Z,14.545213,-90.437876
c702584c-9293-4734-8647-d1d0df348ac9,2026-04-24T22:15:31Z,14.545206,-90.437928
c702584c-9293-4734-8647-d1d0df348ac9,2026-04-24T22:16:01Z,14.545217,-90.437914
c702584c-9293-4734-8647-d1d0df348ac9,2026-04-24T22:16:31Z,14.545193,-90.437842
c702584c-9293-4734-8647-d1d0df348ac9,2026-04-24T22:17:01Z,14.545193,-90.437825
c702584c-9293-4734-8647-d1d0df348ac9,2026-04-24T22:17:31Z,14.545183,-90.437825
c702584c-9293-4734-8647-d1d0df348ac9,2026-04-24T22:18:01Z,14.545196,-90.437813
c702584c-9293-4734-8647-d1d0df348ac9,2026-04-24T22:18:31Z,14.545179,-90.437821
c702584c-9293-4734-8647-d1d0df348ac9,2026-04-24T22:19:01Z,14.54515,-90.437833
c702584c-9293-4734-8647-d1d0df348ac9,2026-04-24T22:19:31Z,14.545229,-90.437816
c702584c-9293-4734-8647-d1d0df348ac9,2026-04-24T22:20:01Z,14.54523,-90.437843
c702584c-9293-4734-8647-d1d0df348ac9,2026-04-24T22:20:31Z,14.545231,-90.437884
c702584c-9293-4734-8647-d1d0df348ac9,2026-04-24T22:21:01Z,14.545251,-90.437939
c702584c-9293-4734-8647-d1d0df348ac9,2026-04-24T22:21:31Z,14.54524,-90.437959
c702584c-9293-4734-8647-d1d0df348ac9,2026-04-24T22:22:01Z,14.545226,-90.437946
c702584c-9293-4734-8647-d1d0df348ac9,2026-04-24T22:22:31Z,14.545214,-90.437948
c702584c-9293-4734-8647-d1d0df348ac9,2026-04-24T22:23:01Z,14.545207,-90.437935
c702584c-9293-4734-8647-d1d0df348ac9,2026-04-24T22:23:31Z,14.5452,-90.437931
c702584c-9293-4734-8647-d1d0df348ac9,2026-04-24T22:24:01Z,14.545218,-90.437913
c702584c-9293-4734-8647-d1d0df348ac9,2026-04-24T22:24:31Z,14.545204,-90.437871
c702584c-9293-4734-8647-d1d0df348ac9,2026-04-24T22:25:01Z,14.545214,-90.437874
c702584c-9293-4734-8647-d1d0df348ac9,2026-04-24T22:25:31Z,14.545191,-90.437865
c702584c-9293-4734-8647-d1d0df348ac9,2026-04-24T22:26:01Z,14.545192,-90.437892
c702584c-9293-4734-8647-d1d0df348ac9,2026-04-24T22:26:31Z,14.545189,-90.437915
c702584c-9293-4734-8647-d1d0df348ac9,2026-04-24T22:27:01Z,14.545209,-90.437909
c702584c-9293-4734-8647-d1d0df348ac9,2026-04-24T22:27:31Z,14.545209,-90.4379
c702584c-9293-4734-8647-d1d0df348ac9,2026-04-24T22:28:01Z,14.545226,-90.437904
c702584c-9293-4734-8647-d1d0df348ac9,2026-04-24T22:28:31Z,14.545222,-90.437892
c702584c-9293-4734-8647-d1d0df348ac9,2026-04-24T22:29:01Z,14.545219,-90.437881
,2026-04-24T22:29:31Z,14.54524,-90.437873
,2026-04-24T22:30:01Z,14.54524,-90.437869
,2026-04-24T22:30:31Z,14.54524,-90.437869
,2026-04-24T22:31:01Z,14.54524,-90.437869
,2026-04-24T22:31:31Z,14.54524,-90.437869
,2026-04-24T22:32:01Z,14.54524,-90.437869
,2026-04-24T22:32:31Z,14.54524,-90.437869
,2026-04-24T22:33:01Z,14.54524,-90.437869
,2026-04-24T22:33:31Z,14.54524,-90.437869
,2026-04-24T22:34:01Z,14.545217,-90.437879
,2026-04-24T22:34:31Z,14.545263,-90.437794
,2026-04-24T22:35:01Z,14.545217,-90.437858
,2026-04-24T22:35:31Z,14.545166,-90.437907
,2026-04-24T22:36:01Z,14.545177,-90.437906
,2026-04-24T22:36:31Z,14.545226,-90.43786
,2026-04-24T22:37:01Z,14.54521,-90.437865
,2026-04-24T22:37:31Z,14.545201,-90.437895
,2026-04-24T22:38:01Z,14.545218,-90.437879
,2026-04-24T22:38:31Z,14.545212,-90.437889
,2026-04-24T22:39:01Z,14.545218,-90.437873
,2026-04-24T22:39:31Z,14.545224,-90.437858
,2026-04-24T22:40:01Z,14.545226,-90.437859
,2026-04-24T22:40:31Z,14.545239,-90.437814
e1ab7b29-d8cd-4754-8593-be62da143459,2026-04-24T22:41:01Z,14.5452,-90.437832
e1ab7b29-d8cd-4754-8593-be62da143459,2026-04-24T22:41:31Z,14.545215,-90.437837
e1ab7b29-d8cd-4754-8593-be62da143459,2026-04-24T22:42:01Z,14.545246,-90.43782
e1ab7b29-d8cd-4754-8593-be62da143459,2026-04-24T22:42:31Z,14.545233,-90.437832
e1ab7b29-d8cd-4754-8593-be62da143459,2026-04-24T22:43:01Z,14.545174,-90.437929
e1ab7b29-d8cd-4754-8593-be62da143459,2026-04-25T23:20:39Z,14.54519,-90.437847
,2026-04-25T23:21:09Z,14.54518,-90.437827
,2026-04-25T23:21:39Z,14.545188,-90.437841
,2026-04-25T23:22:39Z,14.545177,-90.437861
,2026-04-25T23:23:39Z,14.545173,-90.43788
4818c575-8709-4e98-885c-4133c6c6c366,2026-04-25T23:24:09Z,14.545172,-90.437883
4818c575-8709-4e98-885c-4133c6c6c366,2026-04-25T23:24:39Z,14.545173,-90.437879
4818c575-8709-4e98-885c-4133c6c6c366,2026-04-25T23:25:09Z,14.54517,-90.437867
4818c575-8709-4e98-885c-4133c6c6c366,2026-04-25T23:25:39Z,14.545166,-90.437876
4818c575-8709-4e98-885c-4133c6c6c366,2026-04-25T23:26:09Z,14.545169,-90.437905
4818c575-8709-4e98-885c-4133c6c6c366,2026-04-25T23:26:39Z,14.545193,-90.43786
4818c575-8709-4e98-885c-4133c6c6c366,2026-04-25T23:28:39Z,14.545454,-90.437946
4818c575-8709-4e98-885c-4133c6c6c366,2026-04-25T23:29:39Z,14.545213,-90.437951
4818c575-8709-4e98-885c-4133c6c6c366,2026-04-25T23:30:09Z,14.545168,-90.437849
4818c575-8709-4e98-885c-4133c6c6c366,2026-04-25T23:30:39Z,14.545176,-90.437845
,2026-04-25T23:31:09Z,14.545181,-90.437842
,2026-04-25T23:31:39Z,14.545173,-90.437837
,2026-04-25T23:58:39Z,14.545167,-90.43789
,2026-04-25T23:59:09Z,14.545162,-90.43788
,2026-04-25T23:59:39Z,14.545166,-90.437878
,2026-04-26T00:00:09Z,14.545172,-90.437878
,2026-04-26T00:00:39Z,14.545175,-90.437881
,2026-04-26T00:01:09Z,14.545177,-90.437883
,2026-04-26T00:01:39Z,14.54518,-90.437879
,2026-04-26T00:02:09Z,14.545183,-90.437878
,2026-04-26T00:02:39Z,14.545186,-90.437881
,2026-04-26T00:03:09Z,14.545189,-90.437889
,2026-04-26T00:10:09Z,14.545189,-90.437881
,2026-04-26T00:10:39Z,14.545189,-90.437883
,2026-04-26T00:11:09Z,14.545186,-90.437883
4e65f26a-0147-4e30-b3be-0c5da1da3ebe,2026-04-26T00:11:39Z,14.545193,-90.437881
4e65f26a-0147-4e30-b3be-0c5da1da3ebe,2026-04-26T00:12:09Z,14.545193,-90.437882
4e65f26a-0147-4e30-b3be-0c5da1da3ebe,2026-04-26T00:38:09Z,14.545175,-90.437846
,2026-04-26T00:38:39Z,14.545178,-90.437843
,2026-04-26T00:39:09Z,14.545179,-90.437847
,2026-04-26T00:39:39Z,14.545184,-90.43785
,2026-04-26T00:40:09Z,14.545187,-90.437849
f90045f4-e6a8-43c0-a10c-5753f351c79b,2026-04-26T00:40:39Z,14.545185,-90.437849
f90045f4-e6a8-43c0-a10c-5753f351c79b,2026-04-26T00:41:09Z,14.545187,-90.43785
f90045f4-e6a8-43c0-a10c-5753f351c79b,2026-04-26T00:41:39Z,14.545186,-90.437852
f90045f4-e6a8-43c0-a10c-5753f351c79b,2026-04-26T00:42:09Z,14.545181,-90.437859
f90045f4-e6a8-43c0-a10c-5753f351c79b,2026-04-26T00:42:39Z,14.545174,-90.437863
f90045f4-e6a8-43c0-a10c-5753f351c79b,2026-04-26T00:43:09Z,14.545176,-90.43786
f90045f4-e6a8-43c0-a10c-5753f351c79b,2026-04-26T00:43:39Z,14.545172,-90.437869
f90045f4-e6a8-43c0-a10c-5753f351c79b,2026-04-26T00:44:09Z,14.545175,-90.437872
f90045f4-e6a8-43c0-a10c-5753f351c79b,2026-04-26T00:44:39Z,14.54517,-90.437873
f90045f4-e6a8-43c0-a10c-5753f351c79b,2026-04-26T00:45:09Z,14.545169,-90.43787
f90045f4-e6a8-43c0-a10c-5753f351c79b,2026-04-26T00:45:39Z,14.545169,-90.43787
f90045f4-e6a8-43c0-a10c-5753f351c79b,2026-04-26T00:46:09Z,14.545165,-90.437867
f90045f4-e6a8-43c0-a10c-5753f351c79b,2026-04-26T00:46:39Z,14.545157,-90.43786
f90045f4-e6a8-43c0-a10c-5753f351c79b,2026-04-26T00:47:09Z,14.545154,-90.437855
f90045f4-e6a8-43c0-a10c-5753f351c79b,2026-04-26T00:47:39Z,14.545151,-90.437856
f90045f4-e6a8-43c0-a10c-5753f351c79b,2026-04-26T00:48:09Z,14.545148,-90.437858
f90045f4-e6a8-43c0-a10c-5753f351c79b,2026-04-26T00:50:09Z,14.545143,-90.43788
f90045f4-e6a8-43c0-a10c-5753f351c79b,2026-04-26T00:50:39Z,14.545147,-90.437877
f90045f4-e6a8-43c0-a10c-5753f351c79b,2026-04-26T00:51:09Z,14.545149,-90.437871
,2026-04-26T00:51:39Z,14.545151,-90.43787
,2026-04-26T00:52:09Z,14.545151,-90.437872
0b1a2adb-a9da-4080-88bb-20aa6d339a38,2026-04-26T00:52:39Z,14.545158,-90.437868
,2026-04-26T00:53:09Z,14.545159,-90.43787
,2026-04-26T00:53:39Z,14.545156,-90.437869
,2026-04-28T18:42:19Z,14.605516,-90.506311
,2026-04-28T18:42:49Z,14.605577,-90.506228
,2026-04-28T18:44:19Z,14.605465,-90.506233
,2026-04-28T18:48:19Z,14.605142,-90.506035
,2026-04-28T18:48:49Z,14.604952,-90.506223
,2026-04-28T18:51:19Z,14.605308,-90.50607
,2026-04-28T18:51:49Z,14.605328,-90.506079
,2026-04-28T18:52:19Z,14.605372,-90.506049
,2026-04-28T18:52:49Z,14.60539,-90.506022
,2026-04-28T18:53:19Z,14.605366,-90.506041
,2026-04-28T18:53:49Z,14.605349,-90.506075
,2026-04-28T18:54:19Z,14.605333,-90.506082
f416cf3b-cbb6-4e38-b746-3679279c0e35,2026-04-28T18:54:49Z,14.605296,-90.5061
f416cf3b-cbb6-4e38-b746-3679279c0e35,2026-04-28T18:55:19Z,14.605294,-90.506188
f416cf3b-cbb6-4e38-b746-3679279c0e35,2026-04-28T18:55:49Z,14.605427,-90.506027
f416cf3b-cbb6-4e38-b746-3679279c0e35,2026-04-28T18:56:49Z,14.605641,-90.50562
f416cf3b-cbb6-4e38-b746-3679279c0e35,2026-04-28T18:57:19Z,14.605704,-90.505548
f416cf3b-cbb6-4e38-b746-3679279c0e35,2026-04-28T18:57:49Z,14.605704,-90.505548
f416cf3b-cbb6-4e38-b746-3679279c0e35,2026-04-28T18:58:19Z,14.605976,-90.505306
f416cf3b-cbb6-4e38-b746-3679279c0e35,2026-04-28T19:03:19Z,14.605481,-90.505963
,2026-04-28T19:03:49Z,14.605329,-90.506122
c9de9dfa-8426-4ab8-a6ae-e5251534e6ae,2026-05-03T22:40:21Z,14.545232,-90.438032
c9de9dfa-8426-4ab8-a6ae-e5251534e6ae,2026-05-03T22:40:51Z,14.545222,-90.438071
c9de9dfa-8426-4ab8-a6ae-e5251534e6ae,2026-05-03T22:41:21Z,14.545234,-90.438069
c9de9dfa-8426-4ab8-a6ae-e5251534e6ae,2026-05-03T22:41:51Z,14.545229,-90.438056
c9de9dfa-8426-4ab8-a6ae-e5251534e6ae,2026-05-03T22:42:21Z,14.545397,-90.43799
c9de9dfa-8426-4ab8-a6ae-e5251534e6ae,2026-05-03T22:42:51Z,14.545619,-90.438022
c9de9dfa-8426-4ab8-a6ae-e5251534e6ae,2026-05-03T22:45:21Z,14.545566,-90.437753
c9de9dfa-8426-4ab8-a6ae-e5251534e6ae,2026-05-03T22:45:51Z,14.545436,-90.437958
c9de9dfa-8426-4ab8-a6ae-e5251534e6ae,2026-05-03T22:46:21Z,14.54523,-90.438053
c9de9dfa-8426-4ab8-a6ae-e5251534e6ae,2026-05-03T22:46:51Z,14.545225,-90.438055
c9de9dfa-8426-4ab8-a6ae-e5251534e6ae,2026-05-03T22:47:21Z,14.54523,-90.43805
c9de9dfa-8426-4ab8-a6ae-e5251534e6ae,2026-05-03T22:47:51Z,14.545232,-90.438056
c9de9dfa-8426-4ab8-a6ae-e5251534e6ae,2026-05-03T22:48:56Z,14.545221,-90.438044
c9de9dfa-8426-4ab8-a6ae-e5251534e6ae,2026-05-03T22:49:26Z,14.545223,-90.438049
c9de9dfa-8426-4ab8-a6ae-e5251534e6ae,2026-05-03T22:49:56Z,14.545221,-90.438052
c9de9dfa-8426-4ab8-a6ae-e5251534e6ae,2026-05-03T22:50:26Z,14.545219,-90.438055
c9de9dfa-8426-4ab8-a6ae-e5251534e6ae,2026-05-03T22:50:56Z,14.545219,-90.438057
c9de9dfa-8426-4ab8-a6ae-e5251534e6ae,2026-05-03T22:51:26Z,14.54522,-90.438057
c9de9dfa-8426-4ab8-a6ae-e5251534e6ae,2026-05-03T22:51:56Z,14.545223,-90.438054
c9de9dfa-8426-4ab8-a6ae-e5251534e6ae,2026-05-03T22:52:26Z,14.545222,-90.438053
c9de9dfa-8426-4ab8-a6ae-e5251534e6ae,2026-05-03T22:52:56Z,14.545221,-90.438048
c9de9dfa-8426-4ab8-a6ae-e5251534e6ae,2026-05-03T22:53:26Z,14.545218,-90.43805
42355eba-e2c3-4ffb-a861-b5ad9a5539c5,2026-05-03T23:00:45Z,14.545243,-90.438102
42355eba-e2c3-4ffb-a861-b5ad9a5539c5,2026-05-03T23:00:49Z,14.545267,-90.438098
42355eba-e2c3-4ffb-a861-b5ad9a5539c5,2026-05-03T23:00:55Z,14.545305,-90.438091
42355eba-e2c3-4ffb-a861-b5ad9a5539c5,2026-05-03T23:01:01Z,14.545342,-90.438076
42355eba-e2c3-4ffb-a861-b5ad9a5539c5,2026-05-03T23:01:06Z,14.545374,-90.438053
42355eba-e2c3-4ffb-a861-b5ad9a5539c5,2026-05-03T23:01:11Z,14.545395,-90.43803
42355eba-e2c3-4ffb-a861-b5ad9a5539c5,2026-05-03T23:01:16Z,14.545423,-90.438016
42355eba-e2c3-4ffb-a861-b5ad9a5539c5,2026-05-03T23:01:21Z,14.545461,-90.438003
42355eba-e2c3-4ffb-a861-b5ad9a5539c5,2026-05-03T23:01:26Z,14.545495,-90.438006
42355eba-e2c3-4ffb-a861-b5ad9a5539c5,2026-05-03T23:01:32Z,14.545534,-90.43802
42355eba-e2c3-4ffb-a861-b5ad9a5539c5,2026-05-03T23:01:37Z,14.545572,-90.43803
42355eba-e2c3-4ffb-a861-b5ad9a5539c5,2026-05-03T23:01:42Z,14.545607,-90.438041
42355eba-e2c3-4ffb-a861-b5ad9a5539c5,2026-05-03T23:01:52Z,14.54568,-90.438058
42355eba-e2c3-4ffb-a861-b5ad9a5539c5,2026-05-03T23:01:57Z,14.54572,-90.438063
42355eba-e2c3-4ffb-a861-b5ad9a5539c5,2026-05-03T23:02:02Z,14.545759,-90.438071
42355eba-e2c3-4ffb-a861-b5ad9a5539c5,2026-05-03T23:02:17Z,14.545874,-90.438096
42355eba-e2c3-4ffb-a861-b5ad9a5539c5,2026-05-03T23:02:22Z,14.545917,-90.438102
42355eba-e2c3-4ffb-a861-b5ad9a5539c5,2026-05-03T23:02:27Z,14.545959,-90.438113
42355eba-e2c3-4ffb-a861-b5ad9a5539c5,2026-05-03T23:02:37Z,14.546044,-90.438128
42355eba-e2c3-4ffb-a861-b5ad9a5539c5,2026-05-03T23:02:42Z,14.546088,-90.438135
42355eba-e2c3-4ffb-a861-b5ad9a5539c5,2026-05-03T23:02:47Z,14.546126,-90.438117
42355eba-e2c3-4ffb-a861-b5ad9a5539c5,2026-05-03T23:03:42Z,14.545843,-90.437844
42355eba-e2c3-4ffb-a861-b5ad9a5539c5,2026-05-03T23:03:47Z,14.545802,-90.43783
42355eba-e2c3-4ffb-a861-b5ad9a5539c5,2026-05-03T23:03:57Z,14.545726,-90.437801
42355eba-e2c3-4ffb-a861-b5ad9a5539c5,2026-05-03T23:04:07Z,14.545648,-90.437781
42355eba-e2c3-4ffb-a861-b5ad9a5539c5,2026-05-03T23:04:12Z,14.545608,-90.437778
42355eba-e2c3-4ffb-a861-b5ad9a5539c5,2026-05-03T23:04:17Z,14.545565,-90.437759
42355eba-e2c3-4ffb-a861-b5ad9a5539c5,2026-05-03T23:04:22Z,14.545533,-90.437736
42355eba-e2c3-4ffb-a861-b5ad9a5539c5,2026-05-03T23:04:27Z,14.545507,-90.437715
42355eba-e2c3-4ffb-a861-b5ad9a5539c5,2026-05-03T23:04:37Z,14.545492,-90.437644
42355eba-e2c3-4ffb-a861-b5ad9a5539c5,2026-05-03T23:04:42Z,14.545483,-90.437611
42355eba-e2c3-4ffb-a861-b5ad9a5539c5,2026-05-03T23:04:47Z,14.545461,-90.437586
42355eba-e2c3-4ffb-a861-b5ad9a5539c5,2026-05-03T23:04:52Z,14.54543,-90.437573
42355eba-e2c3-4ffb-a861-b5ad9a5539c5,2026-05-03T23:07:02Z,14.544901,-90.438089
42355eba-e2c3-4ffb-a861-b5ad9a5539c5,2026-05-03T23:07:07Z,14.544917,-90.438134
42355eba-e2c3-4ffb-a861-b5ad9a5539c5,2026-05-03T23:07:12Z,14.544959,-90.43815
42355eba-e2c3-4ffb-a861-b5ad9a5539c5,2026-05-03T23:07:17Z,14.545003,-90.43814
42355eba-e2c3-4ffb-a861-b5ad9a5539c5,2026-05-03T23:07:22Z,14.54506,-90.438123
42355eba-e2c3-4ffb-a861-b5ad9a5539c5,2026-05-03T23:07:27Z,14.545116,-90.438109
42355eba-e2c3-4ffb-a861-b5ad9a5539c5,2026-05-03T23:07:32Z,14.545167,-90.4381
42355eba-e2c3-4ffb-a861-b5ad9a5539c5,2026-05-03T23:07:37Z,14.545215,-90.438088
,2026-05-03T23:07:42Z,14.545251,-90.438104
,2026-05-03T23:07:47Z,14.54528,-90.43812
,2026-05-03T23:07:52Z,14.54528,-90.438118
,2026-05-03T23:07:57Z,14.545287,-90.438117
,2026-05-03T23:08:02Z,14.545292,-90.438116
,2026-05-03T23:08:07Z,14.545293,-90.438117
,2026-05-03T23:08:12Z,14.545293,-90.438116
,2026-05-03T23:08:17Z,14.545296,-90.438115
,2026-05-03T23:08:22Z,14.545299,-90.438114
,2026-05-03T23:08:27Z,14.545305,-90.438112
,2026-05-03T23:08:32Z,14.545308,-90.438109
8cb5bc63-4751-49ad-818d-199bc0df8044,2026-05-03T23:08:37Z,14.5453,-90.43812
8cb5bc63-4751-49ad-818d-199bc0df8044,2026-05-03T23:08:42Z,14.545298,-90.438118
8cb5bc63-4751-49ad-818d-199bc0df8044,2026-05-03T23:08:47Z,14.545298,-90.438113
8cb5bc63-4751-49ad-818d-199bc0df8044,2026-05-03T23:08:52Z,14.545311,-90.438108
8cb5bc63-4751-49ad-818d-199bc0df8044,2026-05-03T23:12:47Z,14.545354,-90.438063
8cb5bc63-4751-49ad-818d-199bc0df8044,2026-05-03T23:12:52Z,14.545354,-90.438065
8cb5bc63-4751-49ad-818d-199bc0df8044,2026-05-03T23:12:57Z,14.545354,-90.438065
8cb5bc63-4751-49ad-818d-199bc0df8044,2026-05-03T23:13:02Z,14.545357,-90.438066
8cb5bc63-4751-49ad-818d-199bc0df8044,2026-05-03T23:13:07Z,14.545357,-90.438066
8cb5bc63-4751-49ad-818d-199bc0df8044,2026-05-03T23:13:12Z,14.54536,-90.438063
8cb5bc63-4751-49ad-818d-199bc0df8044,2026-05-03T23:13:17Z,14.545359,-90.438063
8cb5bc63-4751-49ad-818d-199bc0df8044,2026-05-03T23:13:22Z,14.54536,-90.438062
8cb5bc63-4751-49ad-818d-199bc0df8044,2026-05-03T23:13:27Z,14.54536,-90.438063
8cb5bc63-4751-49ad-818d-199bc0df8044,2026-05-03T23:13:32Z,14.54536,-90.438063
8cb5bc63-4751-49ad-818d-199bc0df8044,2026-05-03T23:13:37Z,14.54536,-90.438064
8cb5bc63-4751-49ad-818d-199bc0df8044,2026-05-03T23:13:42Z,14.545345,-90.43806
8cb5bc63-4751-49ad-818d-199bc0df8044,2026-05-03T23:13:47Z,14.545357,-90.438041
8cb5bc63-4751-49ad-818d-199bc0df8044,2026-05-03T23:13:52Z,14.545395,-90.438021
8cb5bc63-4751-49ad-818d-199bc0df8044,2026-05-03T23:13:57Z,14.545434,-90.438008
8cb5bc63-4751-49ad-818d-199bc0df8044,2026-05-03T23:14:02Z,14.545477,-90.438006
8cb5bc63-4751-49ad-818d-199bc0df8044,2026-05-03T23:14:07Z,14.545523,-90.43801
8cb5bc63-4751-49ad-818d-199bc0df8044,2026-05-03T23:14:12Z,14.545565,-90.438023
8cb5bc63-4751-49ad-818d-199bc0df8044,2026-05-03T23:14:17Z,14.545609,-90.438035
8cb5bc63-4751-49ad-818d-199bc0df8044,2026-05-03T23:14:22Z,14.545651,-90.438047
8cb5bc63-4751-49ad-818d-199bc0df8044,2026-05-03T23:14:27Z,14.545694,-90.438056
8cb5bc63-4751-49ad-818d-199bc0df8044,2026-05-03T23:14:32Z,14.545741,-90.438072
8cb5bc63-4751-49ad-818d-199bc0df8044,2026-05-03T23:14:37Z,14.545782,-90.438082
8cb5bc63-4751-49ad-818d-199bc0df8044,2026-05-03T23:14:42Z,14.545828,-90.438099
8cb5bc63-4751-49ad-818d-199bc0df8044,2026-05-03T23:14:47Z,14.545872,-90.438116
8cb5bc63-4751-49ad-818d-199bc0df8044,2026-05-03T23:14:52Z,14.545918,-90.438127
8cb5bc63-4751-49ad-818d-199bc0df8044,2026-05-03T23:14:57Z,14.545972,-90.43813
8cb5bc63-4751-49ad-818d-199bc0df8044,2026-05-03T23:15:02Z,14.546021,-90.438131
8cb5bc63-4751-49ad-818d-199bc0df8044,2026-05-03T23:15:07Z,14.546067,-90.438143
8cb5bc63-4751-49ad-818d-199bc0df8044,2026-05-03T23:15:12Z,14.546107,-90.438134
8cb5bc63-4751-49ad-818d-199bc0df8044,2026-05-03T23:15:17Z,14.54614,-90.438098
8cb5bc63-4751-49ad-818d-199bc0df8044,2026-05-03T23:15:22Z,14.546153,-90.438054
8cb5bc63-4751-49ad-818d-199bc0df8044,2026-05-03T23:16:27Z,14.545887,-90.437835
8cb5bc63-4751-49ad-818d-199bc0df8044,2026-05-03T23:16:37Z,14.545801,-90.437809
8cb5bc63-4751-49ad-818d-199bc0df8044,2026-05-03T23:16:47Z,14.54572,-90.437805
8cb5bc63-4751-49ad-818d-199bc0df8044,2026-05-03T23:17:02Z,14.545611,-90.437777
8cb5bc63-4751-49ad-818d-199bc0df8044,2026-05-03T23:17:07Z,14.545583,-90.437756
8cb5bc63-4751-49ad-818d-199bc0df8044,2026-05-03T23:17:12Z,14.545568,-90.437745
8cb5bc63-4751-49ad-818d-199bc0df8044,2026-05-03T23:17:17Z,14.545554,-90.437723
8cb5bc63-4751-49ad-818d-199bc0df8044,2026-05-03T23:17:27Z,14.545492,-90.437778
8cb5bc63-4751-49ad-818d-199bc0df8044,2026-05-03T23:17:32Z,14.54548,-90.437824
8cb5bc63-4751-49ad-818d-199bc0df8044,2026-05-03T23:17:37Z,14.545484,-90.437877
8cb5bc63-4751-49ad-818d-199bc0df8044,2026-05-03T23:17:42Z,14.545477,-90.437913
8cb5bc63-4751-49ad-818d-199bc0df8044,2026-05-03T23:17:47Z,14.545477,-90.437918
8cb5bc63-4751-49ad-818d-199bc0df8044,2026-05-03T23:17:52Z,14.545478,-90.437925
8cb5bc63-4751-49ad-818d-199bc0df8044,2026-05-03T23:17:57Z,14.54548,-90.437933
8cb5bc63-4751-49ad-818d-199bc0df8044,2026-05-03T23:18:02Z,14.545481,-90.437934
8cb5bc63-4751-49ad-818d-199bc0df8044,2026-05-03T23:18:07Z,14.545481,-90.437933
8cb5bc63-4751-49ad-818d-199bc0df8044,2026-05-03T23:18:12Z,14.545479,-90.437932
,2026-05-03T23:18:17Z,14.545477,-90.437929
38dff9c3-bfe6-4aa0-84ec-b72c76c99875,2026-05-03T23:18:22Z,14.545487,-90.43791
38dff9c3-bfe6-4aa0-84ec-b72c76c99875,2026-05-03T23:18:27Z,14.545487,-90.437905
38dff9c3-bfe6-4aa0-84ec-b72c76c99875,2026-05-03T23:18:32Z,14.545488,-90.4379
38dff9c3-bfe6-4aa0-84ec-b72c76c99875,2026-05-03T23:18:37Z,14.545495,-90.437893
38dff9c3-bfe6-4aa0-84ec-b72c76c99875,2026-05-03T23:18:42Z,14.545495,-90.437891
38dff9c3-bfe6-4aa0-84ec-b72c76c99875,2026-05-03T23:18:52Z,14.545497,-90.437883
38dff9c3-bfe6-4aa0-84ec-b72c76c99875,2026-05-03T23:18:57Z,14.545496,-90.437883
38dff9c3-bfe6-4aa0-84ec-b72c76c99875,2026-05-03T23:19:02Z,14.545496,-90.437882
38dff9c3-bfe6-4aa0-84ec-b72c76c99875,2026-05-03T23:19:07Z,14.545481,-90.437889
38dff9c3-bfe6-4aa0-84ec-b72c76c99875,2026-05-03T23:19:12Z,14.545513,-90.437977
38dff9c3-bfe6-4aa0-84ec-b72c76c99875,2026-05-03T23:20:47Z,14.545454,-90.437645
38dff9c3-bfe6-4aa0-84ec-b72c76c99875,2026-05-03T23:20:52Z,14.545456,-90.437606
38dff9c3-bfe6-4aa0-84ec-b72c76c99875,2026-05-03T23:20:57Z,14.545439,-90.437584
38dff9c3-bfe6-4aa0-84ec-b72c76c99875,2026-05-03T23:21:02Z,14.545427,-90.437576
38dff9c3-bfe6-4aa0-84ec-b72c76c99875,2026-05-03T23:21:07Z,14.545417,-90.437539
38dff9c3-bfe6-4aa0-84ec-b72c76c99875,2026-05-03T23:21:12Z,14.545406,-90.437535
38dff9c3-bfe6-4aa0-84ec-b72c76c99875,2026-05-03T23:21:17Z,14.545394,-90.437528
38dff9c3-bfe6-4aa0-84ec-b72c76c99875,2026-05-03T23:21:22Z,14.545361,-90.437527
38dff9c3-bfe6-4aa0-84ec-b72c76c99875,2026-05-03T23:21:27Z,14.545323,-90.437521
38dff9c3-bfe6-4aa0-84ec-b72c76c99875,2026-05-03T23:21:32Z,14.545275,-90.437513
38dff9c3-bfe6-4aa0-84ec-b72c76c99875,2026-05-03T23:21:37Z,14.545226,-90.437511
38dff9c3-bfe6-4aa0-84ec-b72c76c99875,2026-05-03T23:21:42Z,14.545175,-90.437503
38dff9c3-bfe6-4aa0-84ec-b72c76c99875,2026-05-03T23:21:47Z,14.545125,-90.437498
38dff9c3-bfe6-4aa0-84ec-b72c76c99875,2026-05-03T23:21:52Z,14.545073,-90.437493
38dff9c3-bfe6-4aa0-84ec-b72c76c99875,2026-05-03T23:21:57Z,14.545022,-90.437487
38dff9c3-bfe6-4aa0-84ec-b72c76c99875,2026-05-03T23:22:02Z,14.544966,-90.437484
38dff9c3-bfe6-4aa0-84ec-b72c76c99875,2026-05-03T23:22:07Z,14.544914,-90.437482
38dff9c3-bfe6-4aa0-84ec-b72c76c99875,2026-05-03T23:22:12Z,14.544864,-90.437477
38dff9c3-bfe6-4aa0-84ec-b72c76c99875,2026-05-03T23:22:17Z,14.544808,-90.437478
38dff9c3-bfe6-4aa0-84ec-b72c76c99875,2026-05-03T23:22:22Z,14.544764,-90.437475
38dff9c3-bfe6-4aa0-84ec-b72c76c99875,2026-05-03T23:22:27Z,14.544725,-90.437469
38dff9c3-bfe6-4aa0-84ec-b72c76c99875,2026-05-03T23:22:32Z,14.544678,-90.437464
38dff9c3-bfe6-4aa0-84ec-b72c76c99875,2026-05-03T23:22:37Z,14.544629,-90.437456
38dff9c3-bfe6-4aa0-84ec-b72c76c99875,2026-05-03T23:22:47Z,14.544541,-90.437425
38dff9c3-bfe6-4aa0-84ec-b72c76c99875,2026-05-03T23:22:52Z,14.544494,-90.437404
38dff9c3-bfe6-4aa0-84ec-b72c76c99875,2026-05-03T23:23:07Z,14.544349,-90.437352
38dff9c3-bfe6-4aa0-84ec-b72c76c99875,2026-05-03T23:23:12Z,14.544299,-90.437342
38dff9c3-bfe6-4aa0-84ec-b72c76c99875,2026-05-03T23:23:17Z,14.54427,-90.437349
38dff9c3-bfe6-4aa0-84ec-b72c76c99875,2026-05-03T23:23:22Z,14.544253,-90.437349
38dff9c3-bfe6-4aa0-84ec-b72c76c99875,2026-05-03T23:23:27Z,14.544224,-90.437339
38dff9c3-bfe6-4aa0-84ec-b72c76c99875,2026-05-03T23:23:32Z,14.54418,-90.437327
38dff9c3-bfe6-4aa0-84ec-b72c76c99875,2026-05-03T23:23:37Z,14.544139,-90.437307
38dff9c3-bfe6-4aa0-84ec-b72c76c99875,2026-05-03T23:23:42Z,14.544088,-90.43729
38dff9c3-bfe6-4aa0-84ec-b72c76c99875,2026-05-03T23:23:52Z,14.543988,-90.437261
38dff9c3-bfe6-4aa0-84ec-b72c76c99875,2026-05-03T23:24:02Z,14.543887,-90.437235
38dff9c3-bfe6-4aa0-84ec-b72c76c99875,2026-05-03T23:24:07Z,14.543842,-90.437253
38dff9c3-bfe6-4aa0-84ec-b72c76c99875,2026-05-03T23:24:12Z,14.54379,-90.437281
38dff9c3-bfe6-4aa0-84ec-b72c76c99875,2026-05-03T23:24:52Z,14.544119,-90.437277
38dff9c3-bfe6-4aa0-84ec-b72c76c99875,2026-05-03T23:24:57Z,14.544172,-90.437298
38dff9c3-bfe6-4aa0-84ec-b72c76c99875,2026-05-03T23:25:02Z,14.544226,-90.437321
38dff9c3-bfe6-4aa0-84ec-b72c76c99875,2026-05-03T23:25:12Z,14.544335,-90.437359
38dff9c3-bfe6-4aa0-84ec-b72c76c99875,2026-05-03T23:25:17Z,14.544385,-90.437379
38dff9c3-bfe6-4aa0-84ec-b72c76c99875,2026-05-03T23:25:32Z,14.544531,-90.437423
38dff9c3-bfe6-4aa0-84ec-b72c76c99875,2026-05-03T23:25:37Z,14.544575,-90.437437
38dff9c3-bfe6-4aa0-84ec-b72c76c99875,2026-05-03T23:25:42Z,14.544628,-90.437457
38dff9c3-bfe6-4aa0-84ec-b72c76c99875,2026-05-03T23:25:47Z,14.544684,-90.437467
38dff9c3-bfe6-4aa0-84ec-b72c76c99875,2026-05-03T23:25:52Z,14.544736,-90.437472
38dff9c3-bfe6-4aa0-84ec-b72c76c99875,2026-05-03T23:25:57Z,14.54479,-90.437473
38dff9c3-bfe6-4aa0-84ec-b72c76c99875,2026-05-03T23:26:02Z,14.544845,-90.437481
38dff9c3-bfe6-4aa0-84ec-b72c76c99875,2026-05-03T23:26:07Z,14.544898,-90.437485
38dff9c3-bfe6-4aa0-84ec-b72c76c99875,2026-05-03T23:26:12Z,14.544952,-90.43749
38dff9c3-bfe6-4aa0-84ec-b72c76c99875,2026-05-03T23:26:17Z,14.544993,-90.43749
,2026-05-04T23:13:27Z,14.605073,-90.50655
,2026-05-04T23:13:32Z,14.605073,-90.50655
,2026-05-04T23:13:37Z,14.605073,-90.50655
,2026-05-04T23:13:42Z,14.605073,-90.50655
,2026-05-04T23:13:47Z,14.605073,-90.50655
,2026-05-04T23:13:52Z,14.605073,-90.50655
,2026-05-04T23:13:57Z,14.605073,-90.50655
,2026-05-04T23:14:02Z,14.605073,-90.50655
91504b7a-3ceb-4ca5-a27d-178341559ed0,2026-05-04T23:18:24Z,14.605221,-90.506202
91504b7a-3ceb-4ca5-a27d-178341559ed0,2026-05-04T23:18:29Z,14.605256,-90.506217
91504b7a-3ceb-4ca5-a27d-178341559ed0,2026-05-04T23:18:44Z,14.605362,-90.506339
91504b7a-3ceb-4ca5-a27d-178341559ed0,2026-05-04T23:18:49Z,14.6054,-90.50631
91504b7a-3ceb-4ca5-a27d-178341559ed0,2026-05-04T23:18:54Z,14.605417,-90.50631
91504b7a-3ceb-4ca5-a27d-178341559ed0,2026-05-04T23:19:34Z,14.605409,-90.506277
91504b7a-3ceb-4ca5-a27d-178341559ed0,2026-05-04T23:19:59Z,14.605395,-90.506084
,2026-05-05T00:07:26Z,14.60765,-90.505631
,2026-05-05T00:07:31Z,14.607637,-90.505654
,2026-05-05T00:07:37Z,14.607577,-90.505663
,2026-05-05T00:07:42Z,14.607491,-90.505628
,2026-05-05T00:07:47Z,14.607537,-90.505656
,2026-05-05T00:07:52Z,14.607514,-90.505621
,2026-05-05T00:07:57Z,14.607508,-90.505584
,2026-05-05T00:08:02Z,14.607521,-90.505587
,2026-05-05T00:08:07Z,14.607507,-90.505578
,2026-05-05T00:08:12Z,14.607494,-90.505581
,2026-05-05T00:08:17Z,14.607498,-90.505568
,2026-05-05T00:08:22Z,14.607498,-90.505568
,2026-05-05T00:08:27Z,14.607498,-90.505572
,2026-05-05T00:08:32Z,14.607492,-90.505584
,2026-05-05T00:08:37Z,14.607493,-90.505595
,2026-05-05T00:08:42Z,14.607526,-90.505594
,2026-05-05T00:08:47Z,14.607535,-90.505602
,2026-05-05T00:08:52Z,14.60758,-90.50561
c1322208-406c-4739-bba7-c538d16ae674,2026-05-05T00:25:02Z,14.608137,-90.505949
c1322208-406c-4739-bba7-c538d16ae674,2026-05-05T00:25:07Z,14.608137,-90.505949
c1322208-406c-4739-bba7-c538d16ae674,2026-05-05T00:25:12Z,14.608137,-90.505949
c1322208-406c-4739-bba7-c538d16ae674,2026-05-05T00:25:17Z,14.608137,-90.505949
c1322208-406c-4739-bba7-c538d16ae674,2026-05-05T00:25:22Z,14.608137,-90.505949
c1322208-406c-4739-bba7-c538d16ae674,2026-05-05T00:25:27Z,14.608137,-90.505949
c1322208-406c-4739-bba7-c538d16ae674,2026-05-05T00:25:32Z,14.608137,-90.505949
c1322208-406c-4739-bba7-c538d16ae674,2026-05-05T00:25:37Z,14.608137,-90.505949
c1322208-406c-4739-bba7-c538d16ae674,2026-05-05T00:25:42Z,14.608137,-90.505949
c1322208-406c-4739-bba7-c538d16ae674,2026-05-05T00:25:47Z,14.608137,-90.505949
c1322208-406c-4739-bba7-c538d16ae674,2026-05-05T00:25:52Z,14.608137,-90.505949
c1322208-406c-4739-bba7-c538d16ae674,2026-05-05T00:25:57Z,14.608137,-90.505949
c1322208-406c-4739-bba7-c538d16ae674,2026-05-05T00:26:02Z,14.608137,-90.505949
c1322208-406c-4739-bba7-c538d16ae674,2026-05-05T00:26:07Z,14.608137,-90.505949
c1322208-406c-4739-bba7-c538d16ae674,2026-05-05T00:26:12Z,14.608137,-90.505949
c1322208-406c-4739-bba7-c538d16ae674,2026-05-05T00:26:17Z,14.608137,-90.505949
c1322208-406c-4739-bba7-c538d16ae674,2026-05-05T00:26:22Z,14.608137,-90.505949
c1322208-406c-4739-bba7-c538d16ae674,2026-05-05T00:26:27Z,14.608137,-90.505949
c1322208-406c-4739-bba7-c538d16ae674,2026-05-05T00:26:32Z,14.608137,-90.505949
c1322208-406c-4739-bba7-c538d16ae674,2026-05-05T00:26:37Z,14.608137,-90.505949
c1322208-406c-4739-bba7-c538d16ae674,2026-05-05T00:26:47Z,14.608137,-90.505949
,2026-05-06T00:00:09Z,14.60811,-90.505523
,2026-05-06T00:00:14Z,14.608114,-90.505523
,2026-05-06T00:00:19Z,14.608128,-90.505532
,2026-05-06T00:00:24Z,14.608133,-90.505512
,2026-05-06T00:00:29Z,14.608126,-90.505516
,2026-05-06T00:00:34Z,14.608119,-90.505522
,2026-05-06T00:00:39Z,14.608126,-90.505505
,2026-05-06T00:00:44Z,14.608133,-90.505464
,2026-05-06T00:00:49Z,14.608147,-90.505454
,2026-05-06T00:00:54Z,14.608127,-90.505448
66adaf62-8279-4453-8779-38b9bb48f715,2026-05-06T00:00:59Z,14.60808,-90.505472
66adaf62-8279-4453-8779-38b9bb48f715,2026-05-06T00:01:04Z,14.60808,-90.50549
66adaf62-8279-4453-8779-38b9bb48f715,2026-05-06T00:01:09Z,14.608062,-90.505536
66adaf62-8279-4453-8779-38b9bb48f715,2026-05-06T00:01:14Z,14.608039,-90.505531
66adaf62-8279-4453-8779-38b9bb48f715,2026-05-06T00:01:24Z,14.608039,-90.505531
66adaf62-8279-4453-8779-38b9bb48f715,2026-05-06T00:01:29Z,14.607927,-90.505265
66adaf62-8279-4453-8779-38b9bb48f715,2026-05-06T00:01:34Z,14.607971,-90.505237
66adaf62-8279-4453-8779-38b9bb48f715,2026-05-06T00:01:39Z,14.607988,-90.505263
66adaf62-8279-4453-8779-38b9bb48f715,2026-05-06T00:01:44Z,14.608016,-90.505301
66adaf62-8279-4453-8779-38b9bb48f715,2026-05-06T00:01:49Z,14.608003,-90.505323
66adaf62-8279-4453-8779-38b9bb48f715,2026-05-06T00:01:54Z,14.607965,-90.505365
66adaf62-8279-4453-8779-38b9bb48f715,2026-05-06T00:01:59Z,14.607962,-90.505388
,2026-05-06T00:02:04Z,14.607962,-90.505386
,2026-05-06T00:02:09Z,14.607962,-90.505386
,2026-05-06T00:02:14Z,14.607894,-90.505456
,2026-05-06T00:02:19Z,14.607879,-90.505465
,2026-05-06T00:02:24Z,14.607873,-90.505446
,2026-05-06T00:02:29Z,14.607872,-90.505451
,2026-05-06T00:02:34Z,14.60785,-90.505464
,2026-05-06T00:02:39Z,14.607802,-90.505465
,2026-05-06T00:02:44Z,14.607791,-90.505458
,2026-05-06T00:02:49Z,14.607793,-90.505458
,2026-05-06T00:02:54Z,14.607793,-90.505461
,2026-05-06T00:02:59Z,14.607785,-90.505451
,2026-05-06T00:03:04Z,14.607768,-90.505443
,2026-05-06T00:03:09Z,14.60775,-90.505434
,2026-05-06T00:03:14Z,14.607727,-90.505438
,2026-05-06T00:03:19Z,14.607721,-90.505439
,2026-05-06T00:03:24Z,14.607718,-90.505443
,2026-05-06T00:03:29Z,14.607715,-90.505438
,2026-05-06T00:03:34Z,14.607687,-90.505442
,2026-05-06T00:03:39Z,14.607637,-90.50544
,2026-05-06T00:03:44Z,14.607625,-90.505385
347923bc-f1bd-4973-a6c5-d2cdd569cdb9,2026-05-06T00:03:49Z,14.607628,-90.505359
347923bc-f1bd-4973-a6c5-d2cdd569cdb9,2026-05-06T00:03:54Z,14.607584,-90.50536
347923bc-f1bd-4973-a6c5-d2cdd569cdb9,2026-05-06T00:03:59Z,14.607522,-90.505356
347923bc-f1bd-4973-a6c5-d2cdd569cdb9,2026-05-06T00:04:09Z,14.607375,-90.505377
347923bc-f1bd-4973-a6c5-d2cdd569cdb9,2026-05-06T00:04:14Z,14.60732,-90.505414
347923bc-f1bd-4973-a6c5-d2cdd569cdb9,2026-05-06T00:04:19Z,14.607273,-90.505462
347923bc-f1bd-4973-a6c5-d2cdd569cdb9,2026-05-06T00:04:24Z,14.607253,-90.505485
347923bc-f1bd-4973-a6c5-d2cdd569cdb9,2026-05-06T00:04:29Z,14.6072,-90.505514
347923bc-f1bd-4973-a6c5-d2cdd569cdb9,2026-05-06T00:04:49Z,14.607047,-90.505589
347923bc-f1bd-4973-a6c5-d2cdd569cdb9,2026-05-06T00:04:59Z,14.606933,-90.505629
347923bc-f1bd-4973-a6c5-d2cdd569cdb9,2026-05-06T00:05:04Z,14.606875,-90.505637
347923bc-f1bd-4973-a6c5-d2cdd569cdb9,2026-05-06T00:05:09Z,14.606802,-90.505644
347923bc-f1bd-4973-a6c5-d2cdd569cdb9,2026-05-06T00:05:14Z,14.606731,-90.505633
347923bc-f1bd-4973-a6c5-d2cdd569cdb9,2026-05-06T00:05:19Z,14.606674,-90.505629
347923bc-f1bd-4973-a6c5-d2cdd569cdb9,2026-05-06T00:05:24Z,14.606625,-90.505613
347923bc-f1bd-4973-a6c5-d2cdd569cdb9,2026-05-06T00:05:34Z,14.606534,-90.505598
347923bc-f1bd-4973-a6c5-d2cdd569cdb9,2026-05-06T00:05:44Z,14.606469,-90.505593
347923bc-f1bd-4973-a6c5-d2cdd569cdb9,2026-05-06T00:05:59Z,14.60634,-90.505584
,2026-05-06T00:09:49Z,14.605567,-90.505868
,2026-05-06T00:10:14Z,14.605565,-90.505872
,2026-05-06T00:10:19Z,14.605566,-90.505872
,2026-05-06T00:10:24Z,14.605571,-90.50587
,2026-05-06T00:10:29Z,14.605572,-90.505874
,2026-05-06T00:10:39Z,14.605569,-90.505874
,2026-05-06T00:10:44Z,14.60556,-90.505871
,2026-05-06T00:10:49Z,14.605564,-90.505869
,2026-05-06T00:10:54Z,14.605567,-90.505866
,2026-05-06T00:10:59Z,14.605564,-90.505869
,2026-05-06T00:11:04Z,14.605564,-90.505866
,2026-05-06T00:11:14Z,14.605562,-90.505863
,2026-05-06T00:11:19Z,14.605559,-90.505855
,2026-05-06T00:11:24Z,14.60556,-90.505847
,2026-05-06T00:11:29Z,14.605566,-90.505842
,2026-05-06T00:11:34Z,14.605569,-90.505839
,2026-05-06T00:11:39Z,14.605572,-90.505835
,2026-05-06T00:11:44Z,14.605574,-90.505831
,2026-05-06T00:11:49Z,14.605571,-90.505833
,2026-05-06T00:11:54Z,14.605568,-90.505841
,2026-05-06T00:11:59Z,14.605572,-90.505839
,2026-05-06T00:12:04Z,14.605574,-90.505836
,2026-05-06T00:12:09Z,14.605575,-90.505836
,2026-05-06T00:12:14Z,14.605576,-90.505835
,2026-05-06T00:12:19Z,14.605576,-90.505835
,2026-05-06T00:12:24Z,14.605577,-90.505841
,2026-05-06T00:12:29Z,14.605565,-90.505852
,2026-05-06T00:12:34Z,14.605548,-90.505888
,2026-05-06T00:12:39Z,14.605517,-90.505908
,2026-05-06T00:12:44Z,14.605471,-90.505918
,2026-05-06T00:17:59Z,14.605125,-90.506409
,2026-05-06T00:18:04Z,14.605117,-90.506406
,2026-05-06T00:18:09Z,14.605112,-90.506402
,2026-05-06T00:18:14Z,14.605103,-90.506402
,2026-05-06T00:18:19Z,14.605098,-90.506408
,2026-05-06T00:18:24Z,14.605097,-90.50641
,2026-05-06T00:18:29Z,14.605094,-90.50641
,2026-05-06T00:18:34Z,14.605096,-90.506413
,2026-05-06T00:18:39Z,14.605097,-90.506414
,2026-05-06T00:18:44Z,14.605097,-90.506412
,2026-05-06T00:18:49Z,14.605098,-90.506404
,2026-05-06T00:18:54Z,14.605095,-90.506401
,2026-05-06T00:19:54Z,14.605099,-90.506415
,2026-05-06T00:19:59Z,14.605097,-90.506418
,2026-05-06T00:20:04Z,14.60509,-90.506415
,2026-05-06T00:20:09Z,14.605089,-90.506396
2518f5df-4d3a-40ff-813a-73f982ea1d6f,2026-05-06T00:20:14Z,14.605096,-90.506406
2518f5df-4d3a-40ff-813a-73f982ea1d6f,2026-05-06T00:20:19Z,14.605098,-90.506394
2518f5df-4d3a-40ff-813a-73f982ea1d6f,2026-05-06T00:20:24Z,14.605113,-90.506367
2518f5df-4d3a-40ff-813a-73f982ea1d6f,2026-05-06T00:20:29Z,14.605111,-90.506364
2518f5df-4d3a-40ff-813a-73f982ea1d6f,2026-05-06T00:20:34Z,14.605112,-90.506355
2518f5df-4d3a-40ff-813a-73f982ea1d6f,2026-05-06T00:20:44Z,14.60516,-90.506268
2518f5df-4d3a-40ff-813a-73f982ea1d6f,2026-05-06T00:20:49Z,14.605169,-90.506231
2518f5df-4d3a-40ff-813a-73f982ea1d6f,2026-05-06T00:20:54Z,14.605134,-90.506229
2518f5df-4d3a-40ff-813a-73f982ea1d6f,2026-05-06T00:20:59Z,14.605119,-90.506224
2518f5df-4d3a-40ff-813a-73f982ea1d6f,2026-05-06T00:21:04Z,14.605141,-90.506218
2518f5df-4d3a-40ff-813a-73f982ea1d6f,2026-05-06T00:21:14Z,14.605079,-90.506165
2518f5df-4d3a-40ff-813a-73f982ea1d6f,2026-05-06T00:21:19Z,14.60504,-90.506139
2518f5df-4d3a-40ff-813a-73f982ea1d6f,2026-05-06T00:21:29Z,14.605028,-90.506098
2518f5df-4d3a-40ff-813a-73f982ea1d6f,2026-05-06T00:21:34Z,14.604905,-90.505939
2518f5df-4d3a-40ff-813a-73f982ea1d6f,2026-05-06T00:21:44Z,14.604877,-90.505756
2518f5df-4d3a-40ff-813a-73f982ea1d6f,2026-05-06T00:22:14Z,14.605287,-90.505962
2518f5df-4d3a-40ff-813a-73f982ea1d6f,2026-05-06T00:22:19Z,14.605329,-90.505966
2518f5df-4d3a-40ff-813a-73f982ea1d6f,2026-05-06T00:22:29Z,14.605423,-90.505927
2518f5df-4d3a-40ff-813a-73f982ea1d6f,2026-05-06T00:22:34Z,14.605467,-90.505905
2518f5df-4d3a-40ff-813a-73f982ea1d6f,2026-05-06T00:22:39Z,14.605515,-90.505872
2518f5df-4d3a-40ff-813a-73f982ea1d6f,2026-05-06T00:22:54Z,14.605666,-90.505795
,2026-05-06T00:25:49Z,14.605901,-90.505746
,2026-05-06T00:25:54Z,14.605863,-90.505769
,2026-05-06T00:25:59Z,14.605805,-90.505807
,2026-05-06T00:26:04Z,14.605745,-90.505844
,2026-05-06T00:26:09Z,14.60569,-90.505864
,2026-05-06T00:26:14Z,14.605627,-90.505902
,2026-05-06T00:26:19Z,14.605576,-90.505933
,2026-05-06T00:26:24Z,14.60554,-90.505961
,2026-05-06T00:26:29Z,14.60551,-90.505981
,2026-05-06T00:26:34Z,14.605472,-90.506013
,2026-05-06T00:26:39Z,14.605432,-90.506049
,2026-05-06T00:26:49Z,14.605333,-90.506136
,2026-05-06T00:26:54Z,14.605333,-90.506127
,2026-05-06T00:26:59Z,14.605329,-90.506119
,2026-05-06T00:27:04Z,14.605329,-90.506113
,2026-05-06T00:27:09Z,14.605326,-90.506108
,2026-05-06T00:27:14Z,14.605326,-90.506099
,2026-05-06T00:27:19Z,14.605326,-90.506102
,2026-05-06T00:27:24Z,14.605327,-90.506106
,2026-05-06T00:27:29Z,14.605327,-90.506109
,2026-05-06T00:27:34Z,14.605328,-90.506112
,2026-05-06T00:27:39Z,14.605334,-90.506113
,2026-05-06T00:27:44Z,14.605346,-90.506109
,2026-05-06T00:27:49Z,14.605359,-90.506113
,2026-05-06T00:27:54Z,14.605351,-90.50612
,2026-05-06T00:27:59Z,14.605351,-90.506119
,2026-05-06T00:28:04Z,14.605346,-90.506121
,2026-05-06T00:28:09Z,14.605356,-90.506129
,2026-05-06T00:28:14Z,14.605358,-90.506133
,2026-05-06T00:28:19Z,14.605358,-90.50613
,2026-05-06T00:28:24Z,14.605355,-90.50613
,2026-05-06T00:28:29Z,14.60535,-90.506126
,2026-05-06T00:28:34Z,14.605344,-90.506126
,2026-05-06T00:28:39Z,14.605346,-90.506128
,2026-05-06T00:28:44Z,14.605342,-90.506139
,2026-05-06T00:28:49Z,14.605345,-90.506137
,2026-05-06T00:28:54Z,14.605346,-90.506128
,2026-05-06T00:28:59Z,14.605345,-90.506123
,2026-05-06T00:29:04Z,14.605352,-90.506124
,2026-05-06T00:29:09Z,14.605352,-90.506122
,2026-05-06T00:29:14Z,14.605353,-90.506124
,2026-05-06T00:29:19Z,14.605352,-90.506126
,2026-05-06T00:29:24Z,14.605351,-90.506126
,2026-05-06T00:29:29Z,14.605357,-90.506126
,2026-05-06T00:29:34Z,14.60536,-90.506124
,2026-05-06T00:29:39Z,14.60536,-90.506128
,2026-05-06T00:29:44Z,14.605357,-90.506128
,2026-05-06T00:29:49Z,14.605357,-90.506133
,2026-05-06T00:29:54Z,14.605359,-90.506138
,2026-05-06T00:29:59Z,14.605358,-90.506134
,2026-05-06T00:30:04Z,14.605355,-90.506131
,2026-05-06T00:30:09Z,14.605354,-90.506132
,2026-05-06T00:30:14Z,14.605353,-90.506125
,2026-05-06T00:30:19Z,14.605355,-90.506118
,2026-05-06T00:30:24Z,14.605361,-90.506113
,2026-05-06T00:30:29Z,14.605364,-90.506108
,2026-05-06T00:30:34Z,14.605361,-90.506108
,2026-05-06T00:30:39Z,14.605359,-90.506108
,2026-05-06T00:30:44Z,14.605361,-90.506104
,2026-05-06T00:30:49Z,14.605355,-90.506109
,2026-05-06T00:30:54Z,14.605351,-90.506104
,2026-05-06T00:30:59Z,14.605355,-90.506106
,2026-05-06T00:31:04Z,14.605354,-90.506103
,2026-05-06T00:34:39Z,14.605356,-90.506096
,2026-05-06T00:34:44Z,14.605356,-90.506094
,2026-05-06T00:34:49Z,14.605357,-90.50609
,2026-05-06T00:34:54Z,14.605354,-90.506091
,2026-05-06T00:34:59Z,14.605352,-90.506094
,2026-05-06T00:35:04Z,14.605351,-90.506096
,2026-05-06T00:35:09Z,14.605349,-90.506099
,2026-05-06T00:35:14Z,14.605349,-90.506103
,2026-05-06T00:35:19Z,14.605348,-90.506108
,2026-05-06T00:35:24Z,14.605352,-90.506107
0bf46ab5-e59a-4a3e-9d16-24067698899f,2026-05-06T00:35:29Z,14.605353,-90.506107
,2026-05-06T00:35:34Z,14.605351,-90.506104
,2026-05-06T00:35:39Z,14.605349,-90.506102
aa8ad57c-1bf3-4595-bd3c-a7e5d393b19d,2026-05-06T00:35:44Z,14.605347,-90.506102
aa8ad57c-1bf3-4595-bd3c-a7e5d393b19d,2026-05-06T00:35:49Z,14.605348,-90.506101
aa8ad57c-1bf3-4595-bd3c-a7e5d393b19d,2026-05-06T00:35:54Z,14.605348,-90.506102
aa8ad57c-1bf3-4595-bd3c-a7e5d393b19d,2026-05-06T00:35:59Z,14.605347,-90.506104
aa8ad57c-1bf3-4595-bd3c-a7e5d393b19d,2026-05-06T00:36:04Z,14.605349,-90.506102
aa8ad57c-1bf3-4595-bd3c-a7e5d393b19d,2026-05-06T00:36:09Z,14.605348,-90.506105
aa8ad57c-1bf3-4595-bd3c-a7e5d393b19d,2026-05-06T00:36:14Z,14.605345,-90.506106
aa8ad57c-1bf3-4595-bd3c-a7e5d393b19d,2026-05-06T00:36:19Z,14.605345,-90.506107
aa8ad57c-1bf3-4595-bd3c-a7e5d393b19d,2026-05-06T00:36:24Z,14.605344,-90.506105
aa8ad57c-1bf3-4595-bd3c-a7e5d393b19d,2026-05-06T00:36:29Z,14.605344,-90.506104
aa8ad57c-1bf3-4595-bd3c-a7e5d393b19d,2026-05-06T00:36:34Z,14.605344,-90.506105
aa8ad57c-1bf3-4595-bd3c-a7e5d393b19d,2026-05-06T00:36:39Z,14.605342,-90.506108
aa8ad57c-1bf3-4595-bd3c-a7e5d393b19d,2026-05-06T00:36:44Z,14.605343,-90.506108
aa8ad57c-1bf3-4595-bd3c-a7e5d393b19d,2026-05-06T00:36:49Z,14.605346,-90.506104
aa8ad57c-1bf3-4595-bd3c-a7e5d393b19d,2026-05-06T00:36:54Z,14.605358,-90.506093
aa8ad57c-1bf3-4595-bd3c-a7e5d393b19d,2026-05-06T00:37:04Z,14.60544,-90.506005
aa8ad57c-1bf3-4595-bd3c-a7e5d393b19d,2026-05-06T00:37:14Z,14.605546,-90.505925
aa8ad57c-1bf3-4595-bd3c-a7e5d393b19d,2026-05-06T00:37:24Z,14.605649,-90.505844
,2026-05-08T18:03:57Z,14.607618,-90.50521
,2026-05-08T18:04:07Z,14.607642,-90.505099
,2026-05-08T18:04:12Z,14.607655,-90.505085
,2026-05-08T18:04:17Z,14.607648,-90.505103
,2026-05-08T18:04:22Z,14.607636,-90.505124
,2026-05-08T18:04:27Z,14.60763,-90.505125
,2026-05-08T18:04:32Z,14.607631,-90.505122
,2026-05-08T18:04:37Z,14.607626,-90.505117
,2026-05-08T18:04:42Z,14.60762,-90.505113
,2026-05-08T18:04:47Z,14.607617,-90.505115
,2026-05-08T18:04:52Z,14.607617,-90.50512
,2026-05-08T18:04:57Z,14.607614,-90.505125
,2026-05-08T18:05:02Z,14.607607,-90.505128
,2026-05-08T18:05:07Z,14.607605,-90.505133
,2026-05-08T18:05:12Z,14.607604,-90.505137
,2026-05-08T18:05:17Z,14.607603,-90.505145
,2026-05-08T18:05:22Z,14.607602,-90.505152
,2026-05-08T18:05:27Z,14.607601,-90.505157
,2026-05-08T18:05:32Z,14.607601,-90.505163
,2026-05-08T18:05:37Z,14.607602,-90.505169
,2026-05-08T18:05:42Z,14.607599,-90.505174
,2026-05-08T18:05:47Z,14.607598,-90.50518
,2026-05-08T18:05:57Z,14.607593,-90.505191
,2026-05-08T18:06:02Z,14.607595,-90.505196
,2026-05-08T18:06:07Z,14.607595,-90.505194
,2026-05-08T18:06:12Z,14.607595,-90.505195
,2026-05-08T18:06:22Z,14.607594,-90.50519
,2026-05-08T18:06:27Z,14.607595,-90.505191
,2026-05-08T18:06:32Z,14.607595,-90.505186
,2026-05-08T18:06:37Z,14.607597,-90.505177
,2026-05-08T18:06:42Z,14.607595,-90.505182
,2026-05-08T18:06:47Z,14.607593,-90.505176
,2026-05-08T18:06:52Z,14.607591,-90.505178
,2026-05-08T18:06:57Z,14.607588,-90.505168
,2026-05-08T18:07:02Z,14.607587,-90.505168
,2026-05-08T18:07:07Z,14.607589,-90.505169
,2026-05-08T18:07:12Z,14.607596,-90.505156
,2026-05-08T18:07:17Z,14.607596,-90.505154
,2026-05-08T18:07:22Z,14.6076,-90.505145
,2026-05-08T18:07:27Z,14.607601,-90.505141
,2026-05-08T18:07:32Z,14.607597,-90.505139
,2026-05-08T18:07:37Z,14.607595,-90.505142
,2026-05-08T18:07:42Z,14.607596,-90.505148
,2026-05-08T18:07:47Z,14.607597,-90.505151
,2026-05-08T18:07:52Z,14.607599,-90.505154
,2026-05-08T18:07:57Z,14.607599,-90.505159
,2026-05-08T18:08:02Z,14.607601,-90.505158
,2026-05-08T18:08:07Z,14.607601,-90.505159
,2026-05-08T18:08:12Z,14.6076,-90.505162
,2026-05-08T18:08:17Z,14.607602,-90.505165
,2026-05-08T18:08:22Z,14.607605,-90.505167
,2026-05-08T18:08:27Z,14.607607,-90.505167
,2026-05-08T18:08:32Z,14.60761,-90.505172
,2026-05-08T18:08:37Z,14.607606,-90.505178
,2026-05-08T18:08:42Z,14.607607,-90.505179
,2026-05-08T18:08:52Z,14.607605,-90.505184
,2026-05-08T18:08:57Z,14.607603,-90.50518
,2026-05-08T18:09:02Z,14.607602,-90.505179
,2026-05-08T18:09:07Z,14.607605,-90.505175
,2026-05-08T18:09:12Z,14.607606,-90.505176
,2026-05-08T18:09:17Z,14.607606,-90.505171
,2026-05-08T18:09:22Z,14.607604,-90.505172
,2026-05-08T18:09:27Z,14.607604,-90.505172
,2026-05-08T18:09:32Z,14.6076,-90.505176
,2026-05-08T18:09:37Z,14.6076,-90.505176
,2026-05-08T18:09:42Z,14.6076,-90.505178
,2026-05-08T18:09:52Z,14.607601,-90.505183
,2026-05-08T18:09:57Z,14.607604,-90.505185
,2026-05-08T18:10:02Z,14.607606,-90.505186
,2026-05-08T18:10:12Z,14.60761,-90.505197
,2026-05-08T18:10:17Z,14.60761,-90.505201
,2026-05-08T18:10:22Z,14.607613,-90.505206
,2026-05-08T18:10:27Z,14.607616,-90.505203
,2026-05-08T18:10:32Z,14.607616,-90.5052
,2026-05-08T18:10:37Z,14.607618,-90.505199
,2026-05-08T18:10:47Z,14.607623,-90.505195
,2026-05-08T18:10:52Z,14.607624,-90.505195
,2026-05-08T18:11:02Z,14.607626,-90.505194
,2026-05-08T18:11:32Z,14.607635,-90.505197
,2026-05-08T18:11:37Z,14.607632,-90.505195
,2026-05-08T18:12:02Z,14.607612,-90.505189
,2026-05-08T18:12:07Z,14.607612,-90.505193
,2026-05-08T18:12:17Z,14.607617,-90.505195
,2026-05-08T18:12:32Z,14.607621,-90.505208
,2026-05-08T18:12:37Z,14.607623,-90.505217
,2026-05-08T18:12:47Z,14.607628,-90.505221
,2026-05-08T18:12:52Z,14.607633,-90.505221
,2026-05-08T18:13:02Z,14.607635,-90.505213
,2026-05-08T18:13:07Z,14.607632,-90.505212
,2026-05-08T18:13:17Z,14.607634,-90.505212
,2026-05-08T18:13:22Z,14.607631,-90.505212
,2026-05-08T18:13:32Z,14.607632,-90.505214
,2026-05-08T18:13:37Z,14.607636,-90.505214
,2026-05-08T18:13:47Z,14.607643,-90.505215
,2026-05-08T18:14:02Z,14.60764,-90.505214
,2026-05-08T18:14:07Z,14.607641,-90.505223
,2026-05-08T18:14:17Z,14.607642,-90.505229
,2026-05-08T18:14:22Z,14.607638,-90.505227
e07a0959-9805-4bf6-aa27-56311f1a5cc1,2026-05-08T18:14:37Z,14.607689,-90.505163
e07a0959-9805-4bf6-aa27-56311f1a5cc1,2026-05-08T18:15:02Z,14.607397,-90.5053
e07a0959-9805-4bf6-aa27-56311f1a5cc1,2026-05-08T18:15:29Z,14.60708,-90.505444
e07a0959-9805-4bf6-aa27-56311f1a5cc1,2026-05-08T18:15:54Z,14.606786,-90.505575
e07a0959-9805-4bf6-aa27-56311f1a5cc1,2026-05-08T18:16:21Z,14.606468,-90.505717
e07a0959-9805-4bf6-aa27-56311f1a5cc1,2026-05-08T18:16:47Z,14.606162,-90.505853
e07a0959-9805-4bf6-aa27-56311f1a5cc1,2026-05-08T18:17:14Z,14.605845,-90.505994
e07a0959-9805-4bf6-aa27-56311f1a5cc1,2026-05-08T18:17:39Z,14.60555,-90.506125
e07a0959-9805-4bf6-aa27-56311f1a5cc1,2026-05-08T18:18:06Z,14.60582,-90.505964
e07a0959-9805-4bf6-aa27-56311f1a5cc1,2026-05-08T18:18:31Z,14.606099,-90.505801
e07a0959-9805-4bf6-aa27-56311f1a5cc1,2026-05-08T18:18:58Z,14.606399,-90.505624
e07a0959-9805-4bf6-aa27-56311f1a5cc1,2026-05-08T18:19:23Z,14.606376,-90.505562
e07a0959-9805-4bf6-aa27-56311f1a5cc1,2026-05-08T18:19:49Z,14.606045,-90.5056
e07a0959-9805-4bf6-aa27-56311f1a5cc1,2026-05-08T18:20:15Z,14.605817,-90.505792
e07a0959-9805-4bf6-aa27-56311f1a5cc1,2026-05-08T18:20:41Z,14.606017,-90.505871
e07a0959-9805-4bf6-aa27-56311f1a5cc1,2026-05-08T18:21:07Z,14.60635,-90.505865
e07a0959-9805-4bf6-aa27-56311f1a5cc1,2026-05-08T18:21:33Z,14.606683,-90.505858
e07a0959-9805-4bf6-aa27-56311f1a5cc1,2026-05-08T18:21:55Z,14.606965,-90.505853
